Workbook

Sheet DonHang
A1: Mã vận đơn | B1: Tuyến Giao | C1: Giá cước
A2: FM001 | B2: Nội thành | C2: =VLOOKUP(A2,BangGia!$A$2:$B$501,2,FALSE) -> 25000
A3: FM002 | B3: Ngoại thành | C3: =VLOOKUP(A3,BangGia!$A$2:$B$501,2,FALSE) -> 35000
A4: FM003 | B4: Liên tỉnh | C4: =VLOOKUP(A4,BangGia!$A$2:$B$501,2,FALSE) -> 50000
A5: FM004 | B5: Nội thành | C5: =VLOOKUP(A5,BangGia!$A$2:$B$501,2,FALSE) -> 15000
A6: FM005 | B6: Liên tỉnh | C6: =VLOOKUP(A6,BangGia!$A$2:$B$501,2,FALSE) -> 45000
A7: FM006 | B7: Ngoại thành | C7: =VLOOKUP(A7,BangGia!$A$2:$B$501,2,FALSE) -> 30000
A8: FM007 | B8: Liên tỉnh | C8: =VLOOKUP(A8,BangGia!$A$2:$B$501,2,FALSE) -> 23000
A9: FM008 | B9: Liên tỉnh | C9: =VLOOKUP(A9,BangGia!$A$2:$B$501,2,FALSE) -> 25000
A10: FM009 | B10: Nội thành | C10: =VLOOKUP(A10,BangGia!$A$2:$B$501,2,FALSE) -> 14000
A11: FM010 | B11: Ngoại thành | C11: =VLOOKUP(A11,BangGia!$A$2:$B$501,2,FALSE) -> 75000
A12: FM011 | B12: Nội thành | C12: =VLOOKUP(A12,BangGia!$A$2:$B$501,2,FALSE) -> 6500
A13: FM012 | B13: Nội thành | C13: =VLOOKUP(A13,BangGia!$A$2:$B$501,2,FALSE) -> 34000
... A501: FM500 | B501: Liên tỉnh | C501: =VLOOKUP(A501,BangGia!$A$2:$B$501,2,FALSE) -> 52841

Sheet BangGia
A1: Mã vận đơn | B1: Giá cược
A2: FM001 | B2: 25000
A3: FM002 | B3: 35000
A4: FM003 | B4: 50000
A5: FM004 | B5: 15000
A6: FM005 | B6: 45000
A7: FM006 | B7: 30000
A8: FM007 | B8: 23000
A9: FM008 | B9: 25000
A10: FM009 | B10: 14000
A11: FM010 | B11: 75000
A12: FM011 | B12: 6500
A13: FM012 | B13: 34000
... A239: FM238 | B239: 7100
A240: FM239 | B240: =RANDBETWEEN(12000,90000) -> 60337
A241: FM240 | B241: =RANDBETWEEN(12000,90000) -> 40719
A242: FM241 | B242: =RANDBETWEEN(12000,90000) -> 72933
A243: FM242 | B243: =RANDBETWEEN(12000,90000) -> 65242
A244: FM243 | B244: =RANDBETWEEN(12000,90000) -> 83295
A245: FM244 | B245: =RANDBETWEEN(12000,90000) -> 69513
A246: FM245 | B246: =RANDBETWEEN(12000,90000) -> 65106
A247: FM246 | B247: =RANDBETWEEN(12000,90000) -> 89570
A248: FM247 | B248: =RANDBETWEEN(12000,90000) -> 56118
A249: FM248 | B249: =RANDBETWEEN(12000,90000) -> 16818
A250: FM249 | B250: =RANDBETWEEN(12000,90000) -> 37870
A251: FM250 | B251: =RANDBETWEEN(12000,90000) -> 82285
... A501: FM500 | B501: =RANDBETWEEN(12000,90000) -> 52841
